implementation,m,n,k,mnk,average_ms,best_ms,mflops,max_abs_error
vecLib cblas_sgemm,64,64,64,262144,0.001583,0.001583,331198.989261,0.00000000e+00
Metal tiled 16x16,64,64,64,262144,0.011208,0.011208,46778.009342,0.00000000e+00
Metal tiled 32x32,64,64,64,262144,0.012042,0.012042,43539.963140,0.00000000e+00
vecLib cblas_sgemm,128,128,128,2097152,0.006959,0.006959,602716.482253,0.00000000e+00
Metal tiled 16x16,128,128,128,2097152,0.032750,0.032750,128070.514073,0.00000000e+00
Metal tiled 32x32,128,128,128,2097152,0.029041,0.029041,144424.834922,0.00000000e+00